{
  "sourceName": "ServiceNow",
  "requiredFeatureFlag":"SERVICE_NOW",
  "integrationModule": {
    "moduleTypeClass": "servicenow",
    "attributesToMap": [
      {
        "name": "baseURL",
        "source": "instance",
        "path": "settings.url",
        "regex": "(?<baseURL>.*)\/api", // Optional - trim url from https://ats01.service-now.com/api/x_caci_cisco_tr/relay/ to https://ats01.service-now.com
        "captureGroupName": "baseURL" // Optional if using a captureGroup in the regex
      },
      {
        "name": "baseURL", // to be used as a fallback when no baseURL is found in the module instance
        "source": "type",
        "path": "settings.url"
      }
    ]
  },
  "apiDetails": [
    {
      "fetchData": {
        "relativeUrl": "api/now/table/cmdb_ci_service",
        "pagingParamName": "sysparm_limit",
        "urlParamNamesAndValues": {
          "sysparm_query": "ORDERBYsys_created_on",
          "sysparm_limit": 100
        },
        "extractNextLink": {
          "source": "response",
          "path": "headers.link",
          "regex": "\\<http[^\\>]+\\:\\/\\/[^\\/]*\\/(?<nextUrl>[^\\>]*)>;rel=\"next\"", // the content is expected to be <https://ats01.service-now.com/api/now/table/cmdb_ci_service?sysparm_limit=5&sysparm_offset=0>;rel="first",<https://ats01.service-now.com/api/now/table/cmdb_ci_service?sysparm_limit=5&sysparm_offset=0>;rel="prev",<https://ats01.service-now.com/api/now/table/cmdb_ci_service?sysparm_limit=5&sysparm_offset=10>;rel="next",<https://ats01.service-now.com/api/now/table/cmdb_ci_service?sysparm_limit=5&sysparm_offset=20>;rel="last"
          "captureGroupName": "nextUrl"
        },
        "extractData": {
          "path": "data.result"
        },
        "errorHandling": {
          "messagePath": "data.error.message",
          "detailsPath": "data.error.detail",
          "codesAndSolutions": {
            "403": "ServiceNow account requires permission to perform action"
          }
        }
      },
      "mapData": {
        "requireMergingWithDataInDb": false, // this is needed for fetching missing fields from DB before merging with incoming state
        "mappedFields": {
          "sys_id": "sys_id",
          "name": "name",
          "serial_number": "serial_number",
          "comments": "comments",
          "ip_address": "ip_address",
          "mac_address": "mac_address",
          "assetValue": "assetValue",
          "busines_criticality": "busines_criticality",
          "model_number": "model_number",
          "asset": "asset",
          "model_id": "model_id", // this one is composite, need to consider how to handle that one
          "sys_created_on": "sys_created_on",
          "sys_created_by": "sys_created_by",
          "sys_updated_by": "sys_updated_by",
          "sys_updated_on": "sys_updated_on"
        }
      }
    }
  ],
  "mergedModelDataMapping": {
    "keyProperties": ["extId"], // we might want to assume that is the default value
    "storedFields": {
      "extId": {
        "sourceFieldName": "sys_id",
        "mappedType": "extId",
        "isIdentifier": true
      },
      "name": {
        "sourceFieldName": "name",
        "mappedType": "hostname",
        "isIdentifier": true
      },
      "serialNumber": {
        "sourceFieldName": "serial_number",
        "mappedType": "serialNumber",
        "isIdentifier": true
      },
      "externalIpAddress": {
        "sourceFieldName": "ip_address",
        "mappedType": "externalIpAddress",
        "isIdentifier": true
      },
      "macAddress": {
        "sourceFieldName": "mac_address",
        "mappedType": "macAddress",
        "isIdentifier": true
      },
      "comments": {
        "sourceFieldName": "comments"
      },
      "assetValue": {
        "sourceFieldName": "busines_criticality"
      },
      "modelNumber": {
        "sourceFieldName": "model_number"
      },
      "asset": {
        "sourceFieldName": "asset"
      },
      "modelId": {
        "sourceFieldName": "model_id.value"
      },
      "createdAt": {
        "sourceFieldName": "sys_created_on", // the default processing for this field should be: return new Date(stringValue).getTime();
        "mappedType": "timeInMillis"
      },
      "createdBy": {
        "sourceFieldName": "sys_created_by"
      },
      "updatedBy": {
        "sourceFieldName": "sys_updated_by"
      },
      "lastUpdated": {
        "sourceFieldName": "sys_updated_on", // the time format from ServiceNow looks like this: 2019-04-17 23:05:57
        "mappedType": "timeInMillis"
      }
    },
    "sourceFieldsToExcludeInStateHashCalculation": ["sys_updated_on", "sys_updated_by"]
  }
}
