{
  "sourceName": "Cortex",
  "requiredFeatureFlag":"CORTEX",
  "integrationModule": {
    "moduleTypeClass": "cortex",
    "attributesToMap": [
      {
        "name": "baseURL",
        "source": "instance",
        "path": "settings.target_url"
      },
      {
        "name": "baseURL",
        "source": "instance",
        "path": "settings.custom_api_base_url"
      },
      {
        "name": "baseURL",
        "source": "literal",
        "literal": "${baseURL}/public_api/v1/",
        "overwrite": true
      }
    ]
  },
  "apiDetails": [
    {
      "fetchData": {
        "relativeUrl": "endpoints/get_endpoint",
        "httpMethod": "POST", // optional - default: GET
        "loopUntilEmptyResponse": {
          "iteratorStart": 0, // optional - default: 0
          "iteratorIncrement": 10, // optional - default: LIMIT value
          "iteratorValueName": "index", // optional
          "iteratorRangeName": "range" // optional
        },
        "headers": {
          "Content-Type": "application/json"
        },
        "body": {
          "request_data": {
            "search_from": "${index}",
            "sort": {
              "field": "first_seen",
              "keyword": "DESC"
            },
            "search_to": "${range}"
          }
        },
        "extractNextLink": {
          "source": "query"
        },
        "extractData": {
          "path": "data.reply.endpoints",
          "saveDataArrayName":"endpoints"
        },
        "errorHandling": {
          "messagePath": "data.reply.err_msg",
          "detailsPath": "data.reply.err_extra",
          "codePath": "data.reply.err_code",
          "codesAndSolutions": {
            "401": "Verify the Palo Alto Networks Cortex API Key, API Key ID, and BaseURL",
            "402": "Check that the Palo Alto Networks Cortex license type is one of these: Cortex XDR Prevent, Cortex XDR Pro per Endpoint, or Cortex XDR Pro per GB",
            "403": "Check that the Palo Alto Networks Cortex API Key has the required RBAC permissions to query the \"endpoints\" API"
          }
        }
      }
    }
  ],
  "mergedModelDataMapping": {
    "keyProperties": ["extId"],
    "storedFields": {
      "extId": {
        "sourceFieldName": "endpoint_id",
        "mappedType": "extId"
      },
      "name": {
        "sourceFieldName": "endpoint_name",
        "mappedType": "hostname"
      },
      "externalIpAddress": {
        "sourceFieldName": "ip",
        "mappedType": "externalIpAddress"
      },
      "macAddress": {
        "sourceFieldName": "mac_address",
        "mappedType": "macAddress"
      },
      "osType": {
        "sourceFieldName": "operating_system",
        "mappedType": "osType"
      },
      "osVersion": {
        "sourceFieldName": "os_version",
        "mappedType": "osVersion"
      },
      "status": {
        "sourceFieldName": "endpoint_status"
      },
      "type": {
        "sourceFieldName": "endpoint_type"
      },
      "groups": {
        "sourceFieldName": "group_name"
      },
      "policyPrevention": {
        "sourceFieldName": "assigned_prevention_policy"
      },
      "policyExtensions": {
        "sourceFieldName": "assigned_extensions_policy"
      },
      "tags": {
        "sourceFieldName": "tags"
      },
      "createdAt": {
        "sourceFieldName": "first_seen",
        "mappedType": "timeInMillis"
      },
      "lastUpdated": {
        "sourceFieldName": "last_seen",
        "mappedType": "timeInMillis"
      }
    },
    "sourceFieldsToExcludeInStateHashCalculation": ["last_seen"]
  },
  "peMapping": {
    "fileName": "CortexPeMappingHandler"
  },
  "uiMapping": {
    "icon": "https://brand-assets.security.cisco.com/third-party/paloAltoCortex.svg",
    "sourceTypeDisplayName": "Palo Alto Networks Cortex",
    "displayProperties": [
      {
        "dataType": "timeInMillis",
        "sourcePropertyName": "lastUpdated",
        "translationKey": "lastSeen"
      },
      {
        "sourcePropertyName": "osType",
        "translationKey": "osType"
      },
      {
        "sourcePropertyName": "osVersion",
        "translationKey": "osVersion"
      },
      {
        "dataType": "stringList",
        "sourcePropertyName": "groups",
        "translationKey": "groups"
      }
    ]
  }
}
